"parameter","entity","estimate","std.error","p.val.adj","species"
"dietvegan","165179",-4.22918294069442,2.37802911762931,0.999805427938573,"Segatella copri"
"dietvegan","2518605",-2.70399965927721,1.53346599370542,0.999805427938573,"Segatella hominis"
"dietvegan","77095",-0.040902961247225,6.93458723381368,1,"Segatella bryantii"
"dietvegan","305719",-8.61474307758144,4.98241541020351,0.99984786266709,"Segatella baroniae"
"dietvegan","454154",-6.62126955791245,4.32219715194929,0.999858534297488,"Paraprevotella clara"
"dietvegan","454155",-3.42627368525815,3.87466020356423,0.999937487864958,"Paraprevotella xylaniphila"
"dietvegan","28131",-8.26944326270697,4.86726280373898,0.999901566232209,"Prevotella intermedia"
"dietvegan","28128",4.17230191658888,5.88058998910326,1,"Prevotella corporis"
"dietvegan","2913616",-3.54459617265323,4.0800679037273,0.999993914205941,"Prevotella sp. E13-17"
"dietvegan","2913621",0.65665537440875,5.8514418966601,1,"Prevotella sp. E9-3"
"dietvegan","28125",-4.57581986818172,5.3531845520481,0.999957086487671,"Prevotella bivia"
"dietvegan","28132",-3.84512176879544,4.37282739554572,0.999906071868636,"Prevotella melaninogenica"
"dietvegan","28133",-7.86488274245844,4.59121006395708,0.999676344516437,"Prevotella nigrescens"
"dietvegan","28137",-3.38911961251294,3.95286063759592,0.999771752118907,"Prevotella veroralis"
"dietvegan","1177574",-6.20282818084134,3.65324456449502,0.998723172710165,"Prevotella jejuni"
"dietvegan","282402",-3.25490228264285,3.88819436806443,0.999638950228219,"Prevotella multiformis"
"dietvegan","28127",-5.63961039270509,6.59773635302334,0.999986806042534,"Hoylesella buccalis"
"dietvegan","2133944",4.36578135119178,6.35956675611571,1,"Pseudoprevotella muciniphila"
"dietvegan","328813",-2.4979331051759,3.25408322536701,0.999946373211528,"Alistipes onderdonkii"
"dietvegan","328814",-0.429860850565727,0.632481773499758,0.999805427938573,"Alistipes shahii"
"dietvegan","2585118",2.5553355691645,1.39791805437072,1,"Alistipes communis"
"dietvegan","214856",0.356310502343689,1.97261416968475,1,"Alistipes finegoldii"
"dietvegan","1470347",-1.8326639912794,5.15346737299341,1,"Alistipes ihumii"
"dietvegan","28117",2.69828378403282,2.5659898794681,1,"Alistipes putredinis"
"dietvegan","2662363",3.12245745616707,4.52562494568425,1,"Alistipes sp. dk3624"
"dietvegan","3132707",-0.205437607357272,0.462476463366709,0.999775958365958,"Alistipes sp. i18-0019-D1"
"dietvegan","1288121",-0.537366071178175,2.83167528452924,1,"Alistipes senegalensis"
"dietvegan","2364787",-0.0314488205175973,1.2975449129477,0.999943573659017,"Alistipes megaguti"
"dietvegan","2585119",2.13446701263407,3.16912520190735,1,"Alistipes dispar"
"dietvegan","538949",0.794708718212799,2.12722353208374,1,"Alistipes uncultured Alistipes sp."
"dietvegan","626932",3.30836291303804,4.41074332547748,1,"Alistipes indistinctus"
"dietvegan","820",-1.01012522478575,1.43554962067955,0.999866140633696,"Bacteroides uniformis"
"dietvegan","28111",0.593500657838898,4.00697518211394,1,"Bacteroides eggerthii"
"dietvegan","2528203",-2.29823329092913,2.00078268776926,0.9998463748584,"Bacteroides sp. A1C1"
"dietvegan","2755405",-2.92059713218852,2.42432796641781,0.999858842847655,"Bacteroides sp. CACC 737"
"dietvegan","2847299",-0.369385312120489,2.82624608664049,1,"Bacteroides sp. DH3716P"
"dietvegan","2785531",-1.95861440997201,3.0037981876368,0.999955303383069,"Bacteroides sp. HF-162"
"dietvegan","2763022",0.861049873878745,3.14114481012099,1,"Bacteroides sp. M10"
"dietvegan","556259",5.23637046566025,4.88962981211133,1,"Bacteroides sp. D2"
"dietvegan","2025659",2.89377104631694,4.00969243745019,1,"Bacteroides sp. KFT8"
"dietvegan","818",-0.571787585183133,4.06817947278091,1,"Bacteroides thetaiotaomicron"
"dietvegan","371601",-0.634380311400448,1.70403385295323,0.999937487864958,"Bacteroides xylanisolvens"
"dietvegan","47678",-3.59924289105286,2.06059754208804,0.999805427938573,"Bacteroides caccae"
"dietvegan","246787",-2.22521574082492,1.06105451760898,0.999805427938573,"Bacteroides cellulosilyticus"
"dietvegan","817",-1.10031414490029,2.92069089546302,0.999994422581912,"Bacteroides fragilis"
"dietvegan","291645",0.754695927813302,2.45653516050218,1,"Bacteroides nordii"
"dietvegan","28116",0.0701671388911465,2.57806486828653,1,"Bacteroides ovatus"
"dietvegan","674529",-2.93371130475384,3.67658650407342,0.999946979591426,"Bacteroides faecis"
"dietvegan","46506",1.28081935917816,3.60412069189113,1,"Bacteroides stercoris"
"dietvegan","291644",-1.58195005050167,2.44139165882775,0.999937487864958,"Bacteroides salyersiae"
"dietvegan","2763021",-2.13436520211809,7.40207636372063,1,"Bacteroides difficilis"
"dietvegan","2792859",-0.918807964112644,2.04813910024572,0.999937487864958,"Bacteroides humanifaecis"
"dietvegan","2650158",1.28397854262436,6.50039023166747,1,"Bacteroides luhongzhouii"
"dietvegan","2650157",-0.140727834677831,3.95538519060665,1,"Bacteroides zhangwenhongii"
"dietvegan","2763023",0.93434405581427,3.06192066604102,1,"Bacteroides hominis"
"dietvegan","3117552",-3.62117917581427,5.30016741273513,0.999994422581912,"Bacteroides maternus"
"dietvegan","28119",-6.27168716107806,3.75303821311114,0.998893107175816,"Bacteroides zoogleoformans"
"dietvegan","338188",-2.15677058110658,4.2868194978647,1,"Bacteroides finegoldii"
"dietvegan","310300",-3.42071914154275,5.13342895645794,0.999986806042534,"Bacteroides pyogenes"
"dietvegan","1796613",-1.02679224884104,2.92449020826636,0.999986806042534,"Bacteroides caecimuris"
"dietvegan","2715212",-0.721015632978607,2.20076484754394,0.999972172943626,"Bacteroides faecium"
"dietvegan","329854",1.57841293467297,3.46690914313279,1,"Bacteroides intestinalis"
"dietvegan","28113",-5.89746561109493,3.84072065231324,0.999599101470677,"Bacteroides Prevotella heparinolytica"
"dietvegan","821",-0.657800951668953,2.55640446484169,0.999997510201204,"Phocaeicola vulgatus"
"dietvegan","357276",0.789948152427014,4.28795929413034,1,"Phocaeicola dorei"
"dietvegan","376805",-1.44264361381517,1.88669232765213,0.999875741470641,"Phocaeicola salanitronis"
"dietvegan","387090",-1.42369213188592,3.69259670696925,1,"Phocaeicola coprophilus"
"dietvegan","823",-2.17709371460856,2.15866704868055,0.99987205541051,"Parabacteroides distasonis"
"dietvegan","46503",-1.78672438305752,2.95785772093605,0.999974397612114,"Parabacteroides merdae"
"dietvegan","2025876",9.91281779973892,6.82005207950048,1,"Parabacteroides sp. CT06"
"dietvegan","3415987",-4.24524747968766,3.95765125563588,0.999872508218096,"Parabacteroides sp. ASD2025"
"dietvegan","2951805",-1.57827052286952,2.01144562332391,0.999887583288989,"Parabacteroides absconsus"
"dietvegan","2685834",-1.97433782070372,2.97835957344717,0.999937487864958,"Parabacteroides chongii"
"dietvegan","387661",-4.90692873726219,2.69582207173429,0.999805427938573,"Parabacteroides johnsonii"
"dietvegan","1217282",-7.73066945631502,4.78664287948143,0.999846683408567,"Parabacteroides faecis"
"dietvegan","328812",2.47591972063798,3.80395376860152,1,"Parabacteroides goldsteinii"
"dietvegan","544645",-3.04006773166551,2.78564541011872,0.999872508218096,"Butyricimonas virosa"
"dietvegan","1472416",-2.46694596750265,3.01923127437021,0.999937487864958,"Butyricimonas faecihominis"
"dietvegan","1472417",-4.73237245060406,2.17536913993071,0.999805427938573,"Butyricimonas paravirosa"
"dietvegan","2093856",-4.19456676863853,1.75530409091946,0.999805427938573,"Butyricimonas faecalis"
"dietvegan","28118",-4.87006058332081,2.76711983200494,0.999805427938573,"Odoribacter splanchnicus"
"dietvegan","487174",-4.93016709354666,3.96799227989149,0.999872508218096,"Barnesiella intestinihominis"
"dietvegan","1965590",0.902363673617099,2.46823518762524,1,"Barnesiella sp. An22"
"dietvegan","397865",0.454386668569598,2.83309971260052,1,"Barnesiella viscericola"
"dietvegan","1501392",3.68991988147171,3.02070510304802,1,"Coprobacter secundus"
"dietvegan","1099853",-6.89490960224216,6.8152031311079,0.999968311818055,"Coprobacter fastidiosus"
"dietvegan","2606626",-3.70131054607331,4.82589945818856,0.999986806042534,"Sodaliphilus pleomorphus"
"dietvegan","1796646",0.945470458823303,4.91252951858262,1,"Muribaculum intestinale"
"dietvegan","2530390",2.21211299409346,4.37863709073375,1,"Muribaculum gordoncarteri"
"dietvegan","2518971",2.28913837633231,1.71136336910795,1,"Duncaniella dubosii"
"dietvegan","1642646",-4.14422278555803,4.74527454909319,0.999980720248475,"Petrimonas mucosa"
"dietvegan","837",3.46680777508183,3.31918997448015,1,"Porphyromonas gingivalis"
"dietvegan","901",-1.31522305778126,7.73872719315458,1,"Desulfovibrio piger"
"dietvegan","35833",4.23572975060422,3.47571906197307,1,"Bilophila wadsworthia"
"dietvegan","158836",-10.6634614288343,6.75813946171183,0.999858842847655,"Enterobacter hormaechei"
"dietvegan","61645",-4.89148786655345,5.48971775464127,0.999826100533186,"Enterobacter asburiae"
"dietvegan","208224",-4.54620611264954,4.98534331028302,0.999937487864958,"Enterobacter kobei"
"dietvegan","562",-2.89693565854996,2.03859351554772,0.999805427938573,"Escherichia coli"
"dietvegan","573",-0.842039713452239,9.00104784876742,1,"Klebsiella pneumoniae"
"dietvegan","1134687",-9.16777515419999,6.28531189760333,0.999887368025722,"Klebsiella michiganensis"
"dietvegan","1639133",-5.29395829272549,5.78100424638845,0.999949962884534,"Citrobacter portucalensis"
"dietvegan","546",-4.35536892613177,4.9204388991841,0.999991418084887,"Citrobacter freundii"
"dietvegan","580",-4.7918882078582,5.36833044036169,1,"Kluyvera cryocrescens"
"dietvegan","59814",-4.78016693568433,5.39324648300313,0.999983509273774,"Pantoea dispersa"
"dietvegan","546367",-0.0744096748173637,6.2055731544151,1,"Hafnia paralvei"
"dietvegan","303",-4.51921934000449,5.01272691690663,0.999916815270344,"Pseudomonas putida"
"dietvegan","86185",-3.90114090291239,4.35849966581986,0.999980622084975,"Pseudomonas lundensis"
"dietvegan","2983246",-3.35063781316333,3.80006361430719,0.999859975529533,"Pseudomonas sp. SO81"
"dietvegan","43263",-4.45793804719433,4.93332844075799,0.999934991743904,"Aquipseudomonas alcaligenes"
"dietvegan","729",3.07634805638547,1.44846873730727,1,"Haemophilus parainfluenzae"
"dietvegan","505341",-1.37372017005352,5.19906436789142,1,"Gallibacterium salpingitidis"
"dietvegan","732",-3.16633755428915,3.76995304006739,0.999841035591731,"Aggregatibacter aphrophilus"
"dietvegan","83771",-3.83058859175566,4.37522934893861,0.999856927396003,"Succinivibrio dextrinosolvens"
"dietvegan","34062",0.51871516049062,1.45900815634748,1,"Faucicola osloensis"
"dietvegan","478",-2.69898797850667,3.3871070815858,0.999374355562668,"Moraxella nonliquefaciens"
"dietvegan","2946593",1.27094319486565,3.80687940747329,1,"Oxalobacter aliiformigenes"
"dietvegan","1852381",-5.30825928957959,4.39104016666584,0.999859375213352,"Duodenibacillus massiliensis"
"dietvegan","40545",-1.5780568671398,4.93290031418787,1,"Sutterella wadsworthensis"
"dietvegan","1796652",-1.95764246387647,5.25262153093805,1,"Turicimonas muris"
"dietvegan","179636",-3.28354467750968,3.73292082884959,0.999924275302103,"Alicycliphilus denitrificans"
"dietvegan","80878",-3.11838851161893,3.76177113715566,0.999970745490273,"Acidovorax temperans"
"dietvegan","32002",-3.43123449963463,4.00999050836355,0.99992233447199,"Achromobacter denitrificans"
"dietvegan","358",-3.73151833978624,4.37130929231602,0.999978205522032,"Agrobacterium tumefaciens"
"dietvegan","106592",-3.5125921953393,4.10801232196967,0.999881163323482,"Ensifer adhaerens"
"dietvegan","239935",6.31286273150121,4.4546077525761,1,"Akkermansia muciniphila"
"dietvegan","195",-0.922542746957422,4.68536384858756,1,"Campylobacter coli"
"dietvegan","2929494",1.82960986451973,1.99930511988625,1,"Faecalibacterium sp. I4-1-79"
"dietvegan","2929493",-0.838177693377329,1.80569253475522,0.999937487864958,"Faecalibacterium sp. I3-3-89"
"dietvegan","2929495",0.712949283647221,0.404611752683767,0.998676842828926,"Faecalibacterium sp. I4-3-84"
"dietvegan","3141184",-0.135638548266784,1.8164162288546,0.999986806042534,"Faecalibacterium sp. i21-0019-B1"
"dietvegan","3141185",-1.05562366247512,1.33061180096832,0.9998463748584,"Faecalibacterium sp. i25-0019-C1"
"dietvegan","2929488",0.270813508846273,0.910372263230393,0.999874631089674,"Faecalibacterium sp. IP-1-18"
"dietvegan","2929489",-0.496671593658535,1.68103797856589,0.999937487864958,"Faecalibacterium sp. IP-3-29"
"dietvegan","2929492",0.651972014632097,1.08127429776221,0.999994422581912,"Faecalibacterium sp. I3-3-33"
"dietvegan","2929490",-0.105195754740306,1.18476146250844,0.999911911615531,"Faecalibacterium sp. I2-3-92"
"dietvegan","3402017",-0.175618908214755,0.675742288967932,0.999805427938573,"Faecalibacterium sp. 7"
"dietvegan","853",-1.39017963612841,1.41677594055389,0.999825694421699,"Faecalibacterium prausnitzii"
"dietvegan","411483",0.923929867547121,1.55368426824872,1,"Faecalibacterium duncaniae"
"dietvegan","3030638",2.72459941481704,0.779479493359997,0.998523426355588,"Faecalibacterium taiwanense"
"dietvegan","2881265",-0.656090952304811,0.985215570369888,0.999805427938573,"Faecalibacterium hominis (ex Afrizal et al. 2022)"
"dietvegan","2929491",0.0836168903514188,1.06560980786481,0.999911911615531,"Faecalibacterium wellingii"
"dietvegan","2093857",-1.5834143515496,0.982303770305861,0.999805427938573,"Dysosmobacter welbionis"
"dietvegan","2109687",-1.72827432152084,0.468454831242751,0.985357522151386,"Oscillibacter sp. PEA192"
"dietvegan","2763056",-1.25192877850724,0.143125717519607,0.566336279879967,"Oscillibacter hominis"
"dietvegan","2714353",0.700351670268676,2.24164931281612,1,"Vescimonas fastidiosa"
"dietvegan","2714355",1.43612619945237,2.41651500270883,1,"Vescimonas coprocola"
"dietvegan","2108523",-1.26872361437842,1.15734260250309,0.999805427938573,"Lawsonibacter asaccharolyticus"
"dietvegan","2714358",-1.32276233924673,0.923579002632814,0.999805427938573,"Pusillibacter faecalis"
"dietvegan","1550024",-0.478325627839019,2.04233809920767,0.999986806042534,"Ruthenibacterium lactatiformans"
"dietvegan","292800",-0.600240473973685,1.48453100074817,0.999898778215395,"Flavonifractor plautii"
"dietvegan","40519",-2.12981327696537,2.38611698349151,0.999887583288989,"Ruminococcus callidus"
"dietvegan","1160721",2.70376414164091,3.40056419588593,1,"Ruminococcus bicirculans (ex Wegman et al. 2014)"
"dietvegan","1161942",-1.45780485189729,2.11285597557826,0.999903414639024,"Ruminococcus champanellensis"
"dietvegan","657323",-0.386810808353361,3.40219985137429,1,"Ruminococcus sp. SR1/5"
"dietvegan","3233381",1.99687336782634,4.90976676546401,1,"Ruminococcus sp. JL13D9"
"dietvegan","438033",-4.28108966314672,4.8214157703039,0.999861871334406,"Ruminococcus gauvreauii"
"dietvegan","2564099",-0.961850135905102,4.74100118906146,1,"Ruminococcus bovis"
"dietvegan","169435",-0.804827043146733,1.07273289842145,0.999805427938573,"Anaerotruncus colihominis"
"dietvegan","3136601",-0.754596766902617,0.880261692761064,0.999805427938573,"Owariibacterium komagatae"
"dietvegan","512298",1.00542270371194,1.23779707260784,1,"Subdoligranulum uncultured Subdoligranulum sp."
"dietvegan","214851",-0.549234184920147,2.14846579454786,0.999986806042534,"Subdoligranulum variabile"
"dietvegan","2780922",-5.26823064115673,5.2314523342344,0.999954460635786,"Solibaculum mannosilyticum"
"dietvegan","2779352",-1.17212126316418,1.20758191681001,0.999805427938573,"Pseudoflavonifractor gallinarum"
"dietvegan","884684",2.78346318829914,4.26675474550636,1,"Mageeibacillus indolicus"
"dietvegan","2766537",-7.08708280406664,4.58332259638629,0.999842255656843,"Caproicibacterium amylolyticum"
"dietvegan","2966552",2.14029331184346,4.73040129355235,1,"Thermocaproicibacter melissae"
"dietvegan","1297617",-0.90042747502614,1.9917882773559,0.999946373211528,"Intestinimonas butyriciproducens"
"dietvegan","2610895",2.32994776411328,1.97437126822246,1,"Flintibacter sp. KGMB00164"
"dietvegan","2841528",-4.12569311668142,2.685605223187,0.999825694421699,"Eubacterium sp. MSJ-33"
"dietvegan","39490",-0.761047977652693,3.48797467308386,1,"Eubacterium ramulus"
"dietvegan","2041044",0.974385179841456,1.90905217515841,1,"Eubacterium maltosivorans"
"dietvegan","53442",-0.105358673144237,1.0800918607954,0.999875083897261,"Eubacterium callanderi"
"dietvegan","39496",1.46325680680168,2.46110379650824,1,"Eubacterium ventriosum"
"dietvegan","3381348",-0.579363132782042,4.42768232170711,1,"Eubacterium sp. F2"
"dietvegan","1736",-2.77426273750276,2.02126193503329,0.999825694421699,"Eubacterium limosum"
"dietvegan","411486",-2.04412955976454,0.547390600686042,0.987354909599496,"Clostridium sp. M62/1"
"dietvegan","1042156",0.803095412274512,1.11389456406901,1,"Clostridium sp. SY8519"
"dietvegan","97138",2.6910370050476,4.63753955545642,1,"Clostridium sp. MD294"
"dietvegan","1522",1.33238789397883,1.5755625513495,1,"Clostridium [Clostridium] innocuum"
"dietvegan","1529",-4.2462857436264,4.92895801835693,0.999955303383069,"Clostridium cadaveris"
"dietvegan","1502",2.35210112115258,4.24169101934312,1,"Clostridium perfringens"
"dietvegan","1494",-3.1724132344565,3.8151502431396,0.999709245551735,"Clostridium cochlearium"
"dietvegan","1216932",-3.00679704985518,3.57600079822296,0.99954537353145,"Clostridium bornimense"
"dietvegan","341220",-0.112053211072324,1.21021535917224,0.9999023678884,"Lactonifactor longoviformis"
"dietvegan","3014267",-0.945293377159648,1.13632132984272,0.999805427938573,"Agathobaculum massiliense"
"dietvegan","3079302",-0.10004789996566,1.12162557286403,0.999874631089674,"Agathobaculum sp. NTUH-O15-33"
"dietvegan","1945634",4.01112494209014,4.65432843362677,1,"Butyricicoccus porcorum"
"dietvegan","2109686",-0.671304331315629,1.62242055776506,0.999911911615531,"Butyricicoccus sp. GAM44"
"dietvegan","3079303",0.170295976726432,2.39587743217517,1,"Intestinibacillus sp. NTUH-41-i26"
"dietvegan","1796620",-0.562678717577415,1.35892976208788,0.999872587776207,"Acutalibacter muris"
"dietvegan","3110227",-0.379467656256281,5.62824163908564,1,"Caproicibacter sp. BJN0012"
"dietvegan","2763672",-1.49443406849812,3.25531378119402,0.999994422581912,"Simiaoa sunii"
"dietvegan","2763670",-5.59702067933594,2.4278713162918,0.999805427938573,"Wujia chipingensis"
"dietvegan","418240",-0.78628733516498,2.23109383625175,0.999974397612114,"Blautia wexlerae"
"dietvegan","40520",-0.809757742494757,1.45448514918751,0.99987205541051,"Blautia obeum"
"dietvegan","89014",-0.78699039247051,1.48398866287361,0.99987213496862,"Blautia luti"
"dietvegan","1737424",-0.0630439042886992,1.70783693148662,0.999986806042534,"Blautia massiliensis (ex Durand et al. 2017)"
"dietvegan","53443",1.8744399491734,0.927320086222243,0.999973536235917,"Blautia hydrogenotrophica"
"dietvegan","2479767",1.19327460297704,2.8888010725374,1,"Blautia sp. SC05B48"
"dietvegan","1322",-1.29918963476169,1.73764185488962,0.999872092878318,"Blautia hansenii"
"dietvegan","33035",-1.10672268223905,1.8301750633394,0.999890158968154,"Blautia producta"
"dietvegan","1912897",-0.849045609529124,1.23939401125072,0.999838924987763,"Blautia argi"
"dietvegan","2779518",2.08673379661479,4.72121132142763,1,"Blautia liquoris"
"dietvegan","39491",-0.960385885369749,2.35298154486465,0.999974432485289,"Agathobacter rectalis"
"dietvegan","88431",-1.17017559530853,2.28794236995906,0.999946373211528,"Dorea longicatena"
"dietvegan","2981789",-0.142729998775039,0.870537468463726,0.999825712424908,"Dorea amylophila"
"dietvegan","39486",-0.940806553801513,1.56206334186887,0.999872092878318,"Dorea formicigenerans"
"dietvegan","301301",-2.94501019480263,2.39376369244957,0.999858534297488,"Roseburia hominis"
"dietvegan","166486",-0.897142276141145,2.06441789096324,0.999946979591426,"Roseburia intestinalis"
"dietvegan","301302",1.13611549595476,2.50897879835515,1,"Roseburia faecis"
"dietvegan","1261634",-1.74221324926696,6.55685461390894,1,"Roseburia sp. 499"
"dietvegan","1261635",0.376905442302407,1.47670266530345,1,"Roseburia sp. 831b"
"dietvegan","2763062",-1.05056362752713,2.04052932778001,0.999937487864958,"Roseburia rectibacter"
"dietvegan","33038",-0.165431041425155,1.13344547899959,0.999887247507322,"Mediterraneibacter gnavus"
"dietvegan","33039",-1.92336642665596,2.02636075263873,0.99987205541051,"Mediterraneibacter [Ruminococcus] torques"
"dietvegan","46228",1.45747275227693,1.52600832647495,1,"Mediterraneibacter [Ruminococcus] lactaris"
"dietvegan","592978",1.23455490268651,1.49187905360917,1,"Mediterraneibacter faecis"
"dietvegan","342942",0.240481669489964,1.43538296147576,0.999981036226339,"Mediterraneibacter glycyrrhizinilyticus"
"dietvegan","410072",-0.827687349743905,1.91355741611202,0.999937487864958,"Coprococcus comes"
"dietvegan","116085",0.990008917496418,2.60921351931881,1,"Coprococcus catus"
"dietvegan","751585",-0.895297614769269,2.59205203483045,0.999986806042534,"Coprococcus sp. ART55/1"
"dietvegan","33043",-0.575115101568,1.09336447861568,0.999825712424908,"Coprococcus eutactus"
"dietvegan","39485",0.26958845682664,1.32610201164439,0.999980679011397,"Lachnospira eligens"
"dietvegan","460384",-2.62943940436797,2.58828166758528,0.999872508218096,"Enterocloster lavalensis"
"dietvegan","208479",-2.90059881595017,2.252163546022,0.9998463748584,"Enterocloster bolteae"
"dietvegan","333367",-1.56710981187017,0.899328128797731,0.999805427938573,"Enterocloster asparagiformis"
"dietvegan","1531",-1.20516406360264,1.87089187752415,0.999909781207047,"Enterocloster clostridioformis"
"dietvegan","45851",0.33212878608559,3.33743846639242,1,"Eshraghiella crossota"
"dietvegan","2994035",-0.335968333360225,1.14757956854459,0.99987205541051,"Sellimonas catena"
"dietvegan","1653434",2.03171660701357,1.7349283964752,1,"Sellimonas intestinalis"
"dietvegan","2592333",0.147916682352549,1.66831517429866,1,"Sellimonas caecigallum"
"dietvegan","2652274",0.799238737628229,1.34929204221196,1,"Eisenbergiella porci"
"dietvegan","154046",-3.44376087067168,1.88825333062516,0.999805427938573,"Hungatella hathewayi"
"dietvegan","2937758",-2.22333826383579,1.63013382402404,0.999805427938573,"Hungatella sp. SB206"
"dietvegan","29347",-0.784691268612578,1.806272980222,0.999937487864958,"Lachnoclostridium [Clostridium] scindens"
"dietvegan","89153",-2.34432724283544,1.73297994920672,0.999805427938573,"Lachnoclostridium [Clostridium] hylemonae"
"dietvegan","168384",2.64960071825727,4.40022617137536,1,"Marvinbryantia formatexigens"
"dietvegan","2763667",-0.814584739510622,1.39705904460114,0.999861832496445,"Wansuia hejianensis"
"dietvegan","2709410",-1.32053245181194,1.45334661719953,0.999846683408567,"Chordicoccus furentiruminis"
"dietvegan","39488",-1.74305785410761,1.66733955127958,0.9998463748584,"Anaerobutyricum hallii"
"dietvegan","3028070",-0.93985295470121,1.20172033320803,0.999825694421699,"Claveliimonas bilis"
"dietvegan","649756",0.455845409704328,2.87522936537047,1,"Anaerostipes hadrus"
"dietvegan","3059030",-0.263050518177983,4.91139353256885,1,"Stomatobaculum sp. F0698"
"dietvegan","84030",-0.720792542882343,2.25491997104773,0.999986806042534,"Lacrimispora saccharolytica"
"dietvegan","3375704",-1.69969601649229,5.28598426458289,1,"Lacrimispora sp. HJ-01"
"dietvegan","2763669",-0.52151768835347,0.892331376150973,0.999805427938573,"Qiania dongpingensis"
"dietvegan","3236815",-1.25617247444753,4.51684894925096,0.999993914205941,"Butyrivibrio sp. JL13D10"
"dietvegan","831",0.295724531589257,5.70379001976119,1,"Butyrivibrio fibrisolvens"
"dietvegan","2068655",2.06204060362221,4.99201612714565,1,"Novisyntrophococcus fermenticellae"
"dietvegan","3123317",-0.286129862642117,5.34531795218411,1,"Kineothrix sedimenti"
"dietvegan","1512",-0.568663788415095,2.9782787978609,1,"Otoolea [Clostridium] symbiosum"
"dietvegan","1912855",-0.474346745719463,4.63494520594655,1,"Faecalimonas umbilicata"
"dietvegan","2490855",-2.7599036591395,3.40592224881462,0.999588445722171,"Lachnoanaerobaculum gingivalis"
"dietvegan","1496",-2.87593206153768,1.56248011105896,0.999805427938573,"Clostridioides difficile"
"dietvegan","1115758",2.32696170782254,4.32260092501624,1,"Romboutsia ilealis"
"dietvegan","2507160",-1.02601828227238,6.02096904871325,1,"Aminipila luticellarii"
"dietvegan","3242369",1.33909541950675,2.03023763596356,1,"Ihubacter sp. rT4E-8"
"dietvegan","2841518",1.90792469271497,3.85433423124145,1,"Christensenella sp. MSJ-20"
"dietvegan","1805714",0.109787259374207,1.98744669869885,1,"Christensenella massiliensis"
"dietvegan","626937",-0.631649470888493,0.658676443964145,0.999805427938573,"Christensenella minuta"
"dietvegan","1981510",2.78543787514539,6.14950250237235,1,"Monoglobus pectinilyticus"
"dietvegan","2823317",-4.71995121439666,3.84024594827794,0.999872508218096,"Phascolarctobacterium sp. Marseille-Q4147"
"dietvegan","626940",-7.50771157332596,3.8685554891481,0.999805427938573,"Phascolarctobacterium succinatutens"
"dietvegan","33025",-3.01377441367138,5.4328197358652,1,"Phascolarctobacterium faecium"
"dietvegan","905",-1.85039782420723,6.75356168311149,1,"Acidaminococcus fermentans"
"dietvegan","187327",-1.21992924656609,5.30992750663312,1,"Acidaminococcus intestini"
"dietvegan","1871002",1.63647137461387,4.79556579959389,1,"Acidaminococcus timonensis"
"dietvegan","2023260",1.55586058100288,5.7669000189339,1,"Megasphaera sp."
"dietvegan","1675036",-2.00124090879845,8.21375915750685,1,"Megasphaera hexanoica"
"dietvegan","907",-4.12092965338179,5.13656279732937,0.999984703809248,"Megasphaera elsdenii"
"dietvegan","487173",1.71915294573762,6.23567920012479,1,"Dialister succinatiphilus"
"dietvegan","29466",4.87437707477623,3.4260266174465,1,"Veillonella parvula"
"dietvegan","423477",3.528749707071,3.30231221149569,1,"Veillonella rogosae"
"dietvegan","52226",4.10119597529548,6.43172863423081,1,"Mitsuokella multacida"
"dietvegan","2053611",-0.558258815876295,5.71705675696799,1,"Selenomonas sp."
"dietvegan","971",-2.95006650089163,3.50637624726927,0.999183190412822,"Selenomonas ruminantium"
"dietvegan","69823",2.58584923673754,4.1066143181821,1,"Selenomonas sputigena"
"dietvegan","437897",2.76611278908419,6.60836562406034,1,"Megamonas funiformis"
"dietvegan","1352",0.36916972852501,1.05134729304219,0.999943573659017,"Enterococcus faecium"
"dietvegan","1351",-7.59490962146124,4.93804457011012,0.99984091972128,"Enterococcus faecalis"
"dietvegan","44008",-2.28397771634274,5.76525738317144,0.999994422581912,"Enterococcus cecorum"
"dietvegan","1308",1.602754130198,1.94333049444974,1,"Streptococcus thermophilus"
"dietvegan","197614",-0.114248006284071,1.2252279238631,0.999911911615531,"Streptococcus pasteurianus"
"dietvegan","1313",1.91266533346817,4.55476157896384,1,"Streptococcus pneumoniae"
"dietvegan","1307",-0.0142837368096533,6.65907642968544,1,"Streptococcus suis"
"dietvegan","1318",-0.271164480793639,5.75103223014806,1,"Streptococcus parasanguinis"
"dietvegan","1303",-0.110099765300371,5.80362300225438,1,"Streptococcus oralis"
"dietvegan","1501662",2.51018003181898,4.94333530909758,1,"Streptococcus parasuis"
"dietvegan","1304",1.5455871878916,2.25471131414436,1,"Streptococcus salivarius"
"dietvegan","1311",-3.95847720208418,5.71714146100235,0.999997133521446,"Streptococcus agalactiae"
"dietvegan","1358",-0.396506954224107,4.7589888325387,1,"Lactococcus lactis"
"dietvegan","1244",-4.58058245864658,5.12194661079681,0.999930970886167,"Leuconostoc gelidum"
"dietvegan","115778",-4.70117707010448,5.2411037076866,0.999899299368857,"Leuconostoc gasicomitatum"
"dietvegan","1246",-3.17780336588565,3.81531962047682,0.999832186327245,"Leuconostoc lactis"
"dietvegan","1622",-6.04901631252516,3.80054625072359,0.999044848917048,"Ligilactobacillus murinus"
"dietvegan","1623",1.6575223272437,4.05184738690851,1,"Ligilactobacillus ruminis"
"dietvegan","46124",1.18205965752064,4.70005421790634,1,"Granulicatella adiacens"
"dietvegan","1282",-1.34397251915288,0.540461911688583,0.989221843405704,"Staphylococcus epidermidis"
"dietvegan","29388",-3.66409774407801,5.08479449669044,0.999909335936366,"Staphylococcus capitis"
"dietvegan","1292",-5.75465109095228,3.51864077569334,0.997822341089366,"Staphylococcus warneri"
"dietvegan","3447013",-1.4937764488736,4.6945467877283,0.999998335788092,"Paenibacillus sp. DYY-L-2"
"dietvegan","2756",-2.95514221926244,3.56189904508446,0.99926797294127,"Brochothrix thermosphacta"
"dietvegan","84135",-5.01323688815017,3.23183949535952,0.997086840128107,"Gemella sanguinis"
"dietvegan","2478954",-4.92068001667927,7.28726967980725,0.999981036226339,"Catenibacterium sp. co_0103"
"dietvegan","100886",-0.956634739168281,5.47868915961284,1,"Catenibacterium mitsuokai"
"dietvegan","1982626",-0.779611374060954,1.91476738890689,0.999946373211528,"Faecalibacillus intestinalis"
"dietvegan","1547",-1.51706138708251,2.85268401138009,0.999986806042534,"Thomasclavelia ramosa"
"dietvegan","1468449",-1.24652090123064,1.80863891463631,0.999890396060706,"Holdemania massiliensis"
"dietvegan","1796635",-1.64591584767836,2.22113654291468,0.999909415494477,"Longicatena caecimuris"
"dietvegan","2764325",1.32784931713479,1.6701245567882,1,"Amedibacillus [Eubacterium] hominis"
"dietvegan","2735723",-5.27152132766511,3.76324579853807,0.999859295655241,"Turicibacter bilis"
"dietvegan","1852373",-2.61835687657711,5.16794674750306,0.999957086487671,"Murdochiella vaginalis"
"dietvegan","33033",-1.46647221767355,1.42732835933871,0.999825712424908,"Parvimonas micra"
"dietvegan","3388845",-3.18354712024089,3.78253336393459,0.999848796594553,"Parvimonas sp. G1604"
"dietvegan","3016343",-3.57967919859279,4.14319919100953,0.999733089343463,"Peptoniphilus equinus"
"dietvegan","1260",-5.06999894290693,3.51109231269708,0.9985598051577,"Finegoldia magna"
"dietvegan","74426",-0.913010493613808,2.60710789861508,0.999986806042534,"Collinsella aerofaciens"
"dietvegan","3132705",-2.12620902975032,3.77485777776197,0.999986806042534,"Collinsella sp. i05-0019-G5"
"dietvegan","2003188",-0.381491950313261,7.09005543392125,1,"Parolsenella catena"
"dietvegan","1871022",-5.06316527261257,3.59215536456938,0.999826020975075,"Parolsenella massiliensis"
"dietvegan","712411",-4.32821614447272,5.22214628139492,0.999946373211528,"Olsenella sp. oral taxon 807"
"dietvegan","604330",4.54898549632571,2.73017855044939,1,"Parafannyhessea umbonata"
"dietvegan","712157",-0.821279575529076,4.25290357400138,0.999993914205941,"Atopobium sp. oral taxon 416"
"dietvegan","84112",0.966444402307573,2.16829694731669,1,"Eggerthella lenta"
"dietvegan","1531429",1.51657577253591,5.09268825526829,1,"Berryella intestinalis"
"dietvegan","2707299",-2.22452683669231,7.51229209361426,1,"Adlercreutzia hattorii"
"dietvegan","471189",2.44296316429807,1.96399470904174,1,"Gordonibacter pamelaeae"
"dietvegan","84109",-1.04346347206823,4.45069369281049,1,"Slackia exigua"
"dietvegan","1680",2.68269770411728,5.31061838027903,1,"Bifidobacterium adolescentis"
"dietvegan","216816",4.20048645729957,4.77824946708804,1,"Bifidobacterium longum"
"dietvegan","1685",3.00751316341596,3.15723192281172,1,"Bifidobacterium breve"
"dietvegan","28025",-4.8484758490356,5.4881430982491,1,"Bifidobacterium animalis"
"dietvegan","1681",1.19975296718405,5.41517131474768,1,"Bifidobacterium bifidum"
"dietvegan","28026",0.0195508208614189,3.93662209484091,1,"Bifidobacterium pseudocatenulatum"
"dietvegan","1686",-0.30400171165952,5.60298777782114,1,"Bifidobacterium catenulatum"
"dietvegan","1689",6.68686507398019,4.34106287872437,1,"Bifidobacterium dentium"
"dietvegan","158787",-2.78199164481295,3.50445310527429,0.999178024528482,"Bifidobacterium scardovii"
"dietvegan","230143",-4.79676379650877,3.02117303100858,0.992523723209179,"Scardovia wiggsiae"
"dietvegan","706438",-0.7368644484442,5.82334878743386,1,"Actinomyces sp. oral taxon 171"
"dietvegan","712122",1.26639958228138,7.23918524718579,1,"Actinomyces sp. oral taxon 414"
"dietvegan","712116",2.51544858059669,5.22704808498117,1,"Actinomyces sp. oral taxon 169"
"dietvegan","2789425",-3.65537836212595,4.16928772745183,0.99996613344792,"Actinomyces sp. HMT 175"
"dietvegan","1655",1.98179094270432,5.30020115152324,1,"Actinomyces naeslundii"
"dietvegan","544580",-0.577779826860506,7.29877030398768,1,"Actinomyces oris"
"dietvegan","461393",-0.759736841587456,4.04199512772304,0.999993914205941,"Actinomyces massiliensis"
"dietvegan","131111",-0.790719559857499,5.028753043205,1,"Schaalia turicensis"
"dietvegan","1660",2.04311076200697,3.17781349048687,1,"Schaalia odontolytica"
"dietvegan","131110",-2.81509606145181,3.4102664565944,0.999554341458956,"Schaalia radingae"
"dietvegan","1661",4.36743798308496,2.80621352705478,1,"Trueperella pyogenes"
"dietvegan","1747",-0.790101549590981,0.529940253925123,0.999630457610406,"Cutibacterium acnes"
"dietvegan","43675",0.324990545047687,1.45097136595728,0.999986806042534,"Rothia mucilaginosa"
"dietvegan","2047",-2.76223524048264,3.93764052552389,0.999986806042534,"Rothia dentocariosa"
"dietvegan","172042",2.52771780423467,4.26957692245921,1,"Rothia aeria"
"dietvegan","598660",2.17598412910156,5.94244191835387,1,"Corynebacterium pyruviciproducens"
"dietvegan","61592",-0.177994953316942,4.229575686477,1,"Corynebacterium durum"
"dietvegan","61435",-2.81994897424269,3.54178727748458,0.999414995992972,"Dehalococcoides mccartyi"
"dietvegan","638849",0.473787390039563,5.65174151935829,1,"Pyramidobacter piscolens"
"dietvegan","9606",-0.539090269559584,0.929774538817177,0.999805427938573,"Homo sapiens"
"dietvegan","2173",0.950415598540744,6.23649466043803,1,"Methanobrevibacter smithii"
"dietvegan","2734096",0.988922969701201,3.42235693463752,1,"Brigitvirus brigit"
"dietvegan","2955582",10.010400718686,5.92272495389351,1,"Carjivirus communis"
"dietvegan","2955583",8.93970014511172,5.20603565541668,1,"Carjivirus hominis"
"dietvegan","2955712",-3.5891538916546,4.68065314455088,0.999937604767019,"Cohcovirus splanchnicus"
"dietvegan","2955711",-5.78810372426116,3.50100418802206,0.997848372969531,"Cohcovirus hiberniae"
"dietvegan","2955233",-3.42052548814752,4.01366650979999,0.999993914205941,"Afonbuvirus faecalis"
"dietvegan","2734150",0.323896735000419,8.26200444348217,1,"Toutatisvirus toutatis"
"dietvegan","2734146",-1.88812845997946,2.04361582803589,0.99987205541051,"Taranisvirus taranis"
"dietvegan","3430275",-4.37299530474444,5.01828320928776,0.999899170439439,"Koutsourovirus Pec"
"dietvegan","2734248",-4.68985797141156,5.7596646722118,0.999946373211528,"Lughvirus lugh"
"dietvegan","2734262",-0.632874240109223,6.2846590848209,1,"Oengusvirus oengus"
"dietvegan","3241420",-4.26318653668053,4.78577711813898,0.999864050134811,"Mastadenovirus dominans"
"dietvegan","1264",1.55496539216755,3.37709696008272,1,"Ruminococcus albus"
"dietvegan","3029274",7.65994782907515,2.03249913062239,0.900037470683107,"Amygdalobacter nucleatus"
"dietvegan","253239",2.35985482414691,4.06289033602858,1,"Ethanoligenens harbinense"
"dietvegan","2811778",5.05714225672853,4.07084106872923,1,"Fenollaria sporofastidiosus"
"dietvegan","3373596",8.4790523986454,5.79269670419139,1,"Clostridium sp. 10cd*"
"dietvegan","2877527",-1.09680919382746,5.61494032347999,0.999993914205941,"Blautia parvula"
"dietvegan","2497860",3.88608689724383,3.43322924952588,0.999301030478787,"Cellulosilyticum sp. WCF-2"
"dietvegan","261299",2.39633061815659,5.03992674095159,1,"Intestinibacter bartlettii"
"dietvegan","1261",-3.00397560245962,5.4140069688325,0.999971901491061,"Peptostreptococcus anaerobius"
"dietvegan","114528",2.61340295578404,4.34760177855438,1,"Mogibacterium neglectum"
"dietvegan","3114296",1.83179073951577,4.29962927568157,1,"Emergencia sp. JLR.KK010"
"dietvegan","1955814",9.14288216140905,6.3267424216302,1,"Dialister sp."
"dietvegan","2582419",3.37355352006712,5.34033218247429,1,"Dialister hominis"
"dietvegan","39777",7.82538198809118,2.35581433704576,0.984016756848628,"Veillonella atypica"
"dietvegan","53345",1.72900825828931,3.59518334655293,1,"Enterococcus durans"
"dietvegan","28037",5.45297821117753,4.26548999965978,1,"Streptococcus mitis"
"dietvegan","1305",5.01225798464472,4.04246200845302,1,"Streptococcus sanguinis"
"dietvegan","1366",1.96635419690537,3.78280872420114,1,"Pseudolactococcus raffinolactis"
"dietvegan","1584",2.02209852205424,3.82919003832443,1,"Lactobacillus delbrueckii"
"dietvegan","1587",2.04837186365541,3.87447394661084,1,"Lactobacillus helveticus"
"dietvegan","1580",2.05496050052228,3.9436949112889,1,"Levilactobacillus brevis"
"dietvegan","46125",5.9720243993965,4.62426042779439,1,"Abiotrophia defectiva"
"dietvegan","1283",2.12245278159856,3.83179920715471,1,"Staphylococcus haemolyticus"
"dietvegan","102148",3.08252495335411,4.96452709322156,1,"Solobacterium moorei"
"dietvegan","1702221",1.60825391521454,3.43894589647775,0.999365609208203,"Faecalibaculum rodentium"
"dietvegan","29348",1.68984720176051,3.61751758567775,0.99997383828187,"Thomasclavelia spiroformis"
"dietvegan","1683",7.74029273212861,5.40460486980702,1,"Bifidobacterium angulatum"
"dietvegan","78448",3.9721799670143,7.67881569896367,1,"Bifidobacterium pullorum"
"dietvegan","33905",2.02857249909458,3.91056988898171,1,"Bifidobacterium thermophilum"
"dietvegan","77635",1.7824281422205,3.5918253654906,1,"Bifidobacterium subtile"
"dietvegan","3059028",4.52854776182057,5.16889703678144,1,"Schaalia sp. HMT-172"
"dietvegan","1852377",3.14533801614302,4.98438425515007,1,"Actinomyces pacaensis"
"dietvegan","178339",4.77964663258478,3.85062241423376,1,"Pauljensenia hongkongensis"
"dietvegan","556499",7.74298332653492,2.13720574068524,0.934014598941327,"Propionibacterium acidifaciens"
"dietvegan","1750",5.17405054246654,4.31915520769583,1,"Arachnia propionica"
"dietvegan","1871034",6.30458884300157,2.19628092384533,0.98099045644306,"Vaginimicrobium propionicum"
"dietvegan","1771",4.8693677279585,3.85355262975408,0.999997185248558,"Mycolicibacterium phlei"
"dietvegan","147206",6.08403752895655,3.71450951327452,1,"Collinsella stercoris"
"dietvegan","1871019",9.48428877118467,2.34989952300789,0.958592301961386,"Enorma phocaeensis"
"dietvegan","1805478",7.46149681305598,4.64085085344476,1,"Olsenella timonensis"
"dietvegan","82135",2.62879218545622,3.4068167981366,1,"Fannyhessea vaginae"
"dietvegan","446660",3.45258367428333,6.47713047059087,1,"Adlercreutzia equolifaciens"
"dietvegan","2690837",1.23065634438694,4.37603289169327,1,"Eggerthella guodeyinii"
"dietvegan","502558",2.99775340739778,4.18730453243177,1,"Eggerthella sp. YY7918"
"dietvegan","1335613",6.11521358678348,6.14857645611426,1,"Gordonibacter urolithinfaciens"
"dietvegan","1944646",4.28615460433244,3.77667454004734,1,"Phoenicibacter congonensis"
"dietvegan","1907662",1.50316556062327,3.38128883654104,0.999935858388083,"Raoultibacter timonensis"
"dietvegan","3096000",2.33173140606486,5.03025121777555,1,"Bacteroides sp. CG01"
"dietvegan","310298",-6.85159177133595,10.9839310091052,1,"Phocaeicola coprocola"
"dietvegan","2913614",2.74919211464829,4.4704256836914,1,"Prevotella communis"
"dietvegan","2094151",2.15641918145887,3.89708023301485,1,"Paramuribaculum intestinale"
"dietvegan","1751056",2.6720558516908,5.75926360521898,1,"Flavobacterium ammonificans"
"dietvegan","3414159",4.75714794522052,6.69373253581078,1,"Akkermansia sp. JRP_AM1"
"dietvegan","3115152",1.90336651100065,3.61850360843431,0.999950160843612,"Akkermansia sp. RCC_12PD"
"dietvegan","1307763",4.66913850593921,3.8241438093399,1,"Kiritimatiella glycovorans"
"dietvegan","2494234",6.25883643658259,4.59814346658008,1,"Sutterella megalosphaeroides"
"dietvegan","2584944",1.28015495830086,4.52687931940117,1,"Sutterella faecalis"
"dietvegan","225992",3.59994395215168,5.41810960816576,1,"Comamonas kerstersii"
"dietvegan","80866",2.84612418911255,4.66502151862044,1,"Delftia acidovorans"
"dietvegan","329",2.61484855919492,4.44134672706664,1,"Ralstonia pickettii"
"dietvegan","47671",6.16817768951877,4.73442255771867,1,"Lautropia mirabilis"
"dietvegan","571",4.67056478210781,6.51702969829315,1,"Klebsiella oxytoca"
"dietvegan","1905730",2.11045364256973,4.01034941929846,1,"Pectobacterium parmentieri"
"dietvegan","249188",2.75697970397833,4.51649513240314,1,"Haemophilus pittmaniae"
"dietvegan","28090",3.65490318889562,5.86273582454584,1,"Acinetobacter lwoffii"
"dietvegan","2718",1.49883196766678,3.52290205230909,0.999986806042534,"Cardiobacterium hominis"
"dietvegan","68569",2.71367466432385,4.46410232333759,1,"Sphingomonas leidyi"
"dietvegan","2725666",2.57908227930354,4.48313230240998,1,"Terribium terrae"
"dietvegan","3066274",4.2823291297118,3.65781188391486,0.999848423092857,"Candidatus Tisiphia endosymbiont of Metellina segmentata"
"dietvegan","44742",1.84209303871875,6.46046912002619,1,"Desulfovibrio fairfieldensis"
"dietvegan","1981031",3.68990662366763,6.51414336615244,1,"Mailhella uncultured Mailhella sp."
"dietvegan","197",2.14094180742345,3.92393226571117,0.999973536235917,"Campylobacter jejuni"
"dietvegan","1197717",4.04307058727378,5.90180553053196,1,"Cloacibacillus porcorum"
"dietvegan","508460",2.79823481437627,4.55878725302991,1,"Cloacibacillus evryensis"
"dietvegan","2899133",2.45221379691775,7.03466968204414,1,"Candidatus Nanosynbacter sp. HMT-352"
"dietvegan","3043284",-3.62493242263063,4.49140700405948,0.999909415494477,"Candidatus Southlakia epibionticum"
"dietvegan","2870563",5.11489019240601,4.04439591050401,1,"Methanobrevibacter sp. TLL-48-HuF1"
"dietvegan","3034020",1.53688558822393,3.46677434839123,1,"Halomontanus rarus"
"dietvegan","2955739",2.19020450352799,3.83987359014616,1,"Delmidovirus copri"
"dietvegan","2955511",6.9014811533954,5.86738047833089,1,"Blohavirus faecalis"
"dietvegan","2955510",4.50486169204008,6.44372802895258,1,"Blohavirus americanus"
"dietvegan","2955498",4.44912672948114,6.48471211969326,1,"Birpovirus hiberniae"
"dietvegan","2955499",6.68385883544375,4.85436919395838,1,"Birpovirus hominis"
"dietvegan","2955561",6.04982771075005,4.47867832817509,1,"Burzaovirus faecalis"
"dietvegan","2955578",5.86187108013342,4.37134261531113,0.999916270017874,"Canhaevirus faecalis"
"dietvegan","2955579",-1.62931003887301,6.27735948906336,1,"Canhaevirus hiberniae"
"dietvegan","2956034",7.44162406888391,5.35094803300495,1,"Junduvirus communis"
"dietvegan","2956035",3.78938251087124,3.40772833208775,0.999473799892596,"Junduvirus copri"
"dietvegan","3432288",6.91690058153408,5.05050540807077,1,"Schiekvirus sv113"
"dietvegan","3432287",2.92822695681112,4.67162645504553,1,"Schiekvirus Shef16"
"dietvegan","2734044",2.60148036010884,4.3745361143857,1,"Schiekvirus EFP01"
"dietvegan","2733598",2.08352672415504,4.00116789181056,1,"Drulisvirus minorna"
"dietvegan","2733605",2.06418967329492,3.92332218776545,1,"Drulisvirus KPV811"
"dietvegan","1820160",1.58602199952484,3.36038605189287,0.999897185095554," Human feces pecovirus"
"dietvegan","290053",-2.04188628785437,6.23090487409242,1,"Bacteroides helcogenes"
"dietvegan","2691580",6.18276198343746,5.11808630125838,1,"Prevotella sp. Rep29"
"dietvegan","28123",3.13997618946586,5.53593562328999,1,"Porphyromonas asaccharolytica"
"dietvegan","322095",3.06110757818847,5.40252943410436,1,"Porphyromonas somerae"
"dietvegan","1118202",2.94485727534884,5.22080569348032,1,"Cruoricaptor ignavus"
"dietvegan","2927224",3.84288189999945,6.22825061579421,1,"Akkermansia massiliensis"
"dietvegan","256325",2.09887018211387,4.46784714058816,1,"Psychrobacter maritimus"
"dietvegan","847",1.12536012567683,6.87294191375323,1,"Oxalobacter formigenes"
"dietvegan","105219",3.55920661235778,5.92863144972682,1,"Ralstonia mannitolilytica"
"dietvegan","307486",2.28764981883721,4.58119753861487,1,"Tepidimonas taiwanensis"
"dietvegan","2082188",3.86590652429756,6.34662270687706,1,"Sphingobium sp. YG1"
"dietvegan","65958",1.14022597150774,6.06036855874791,1,"Komagataeibacter oboediens"
"dietvegan","76517",2.7292811065047,5.12862733702722,1,"Campylobacter hominis"
"dietvegan","52584",1.44541702681107,3.93298870392842,1,"Brachyspira pilosicoli"
"dietvegan","938289",-0.06705951827439,5.82077280297362,1,"Levyella massiliensis"
"dietvegan","1796616",-0.425480296784139,4.50777468779348,1,"Blautia pseudococcoides"
"dietvegan","2682456",5.885186764038,5.00221934109255,1,"Veillonella nakazawae"
"dietvegan","1232428",-2.45938575676677,6.22355789281127,0.999994422581912,"Megasphaera massiliensis"
"dietvegan","1335",1.84727135974906,5.18991499071612,1,"Streptococcus equinus"
"dietvegan","1359",2.59325647615338,5.9358599670386,1,"Lactococcus cremoris"
"dietvegan","1599",1.83564480094741,4.29730619812453,1,"Latilactobacillus sakei"
"dietvegan","2583452",2.21984889662746,5.5742187812195,1,"Amedibacterium intestinale"
"dietvegan","1965571",1.52482245012816,3.86363984131641,1,"Thomasclavelia Erysipelatoclostridium sp. An173"
"dietvegan","154288",1.53460739770341,3.86617531052851,1,"Turicibacter sanguinis"
"dietvegan","46507",2.81299870548218,5.20959793755887,1,"Ezakiella coagulans"
"dietvegan","1871025",2.11608728219958,4.46786673910057,1,"Ndongobacter massiliensis"
"dietvegan","66228",0.213890874410079,5.59428955952981,1,"Gleimia europaea"
"dietvegan","1389713",2.37251492680501,4.70309715718337,1,"Mycobacterium paragordonae"
"dietvegan","3017361",2.4524770299626,4.77219784135143,1,"Corynebacterium sp. SCR221107"
"dietvegan","1828",2.46331821736703,4.65930096556004,1,"Rhodococcoides fascians"
"dietvegan","2975780",2.20623679855994,4.53740287888513,1,"Streptomyces sp. NBC_00569"
"dietvegan","1871031",5.88569750227511,5.15630279105678,1,"Thermophilibacter mediterraneus"
"dietvegan","29553",1.83513269995718,4.16419769685486,1,"Mycoplasmopsis bovirhinis"
"dietvegan","34105",2.53613469694429,4.89563855822018,1,"Streptobacillus moniliformis"
"dietvegan","2317",1.83457897786399,4.18769428225813,1,"Methanosphaera stadtmanae"
"dietvegan","2955727",2.32958366433332,4.65836256029408,1,"Culoivirus intestinalis"
"dietvegan","2734105",2.58636899621745,4.96964947699393,1,"Eponavirus epona"
"dietvegan","87883",-2.93203891939793,4.35025380781638,0.999943573659017,"Burkholderia multivorans"
"dietvegan","105841",-2.85503876448314,6.04094731076823,1,"Anaerostipes caccae"
"dietvegan","1314",-3.80439564684878,5.14321705062917,0.999946979591426,"Streptococcus pyogenes"
"dietvegan","315405",-4.16142463571386,5.61398259935071,0.999943573659017,"Streptococcus gallolyticus"
"dietvegan","1245",-2.86335420434668,4.19564361149144,0.999915501288536,"Leuconostoc mesenteroides"
"dietvegan","1625",-2.68347433500756,4.12568861364605,0.99999383464783,"Fructilactobacillus sanfranciscensis"
"dietvegan","3036303",-3.44085373109094,4.68950746427336,0.999878636935365,"Peptoniphilus genitalis"
"dietvegan","33031",-3.27335763260938,4.60019608352082,0.999966087149567,"Peptoniphilus lacrimalis"
"dietvegan","1694",-2.81469266004646,4.10686386590943,0.999884722729424,"Bifidobacterium pseudolongum"
"dietvegan","1744",-3.04077495934718,4.34632215715042,0.999970745490273,"Propionibacterium freudenreichii"
"dietvegan","146827",-3.90372761230109,5.44348626692939,0.999921858343768,"Corynebacterium simulans"
"dietvegan","2754726",-3.7957773311508,5.23481243644037,0.999997503878946,"Corynebacterium haemomassiliense"
"dietvegan","850",-3.76049037095997,5.03652705933695,0.999884643171313,"Fusobacterium mortiferum"
"dietvegan","859",-6.13812564208827,4.53223208682151,0.999805427938573,"Fusobacterium necrophorum"
"dietvegan","2955996",-3.03785142851003,4.33030923618343,1,"Jahgtovirus intestinalis"
"dietvegan","28129",-4.42722663547755,5.46724617743086,0.999875083897261,"Prevotella denticola"
"dietvegan","3068632",-2.81329573505396,3.90508165278846,0.999827868724299,"Bosea beijingensis"
"dietvegan","2946555",-3.73199503660544,4.67257724167656,0.999978224127421,"Akkermansia biwaensis"
"dietvegan","158",0.0693213398645134,7.40356916719696,1,"Treponema denticola"
"dietvegan","39950",-2.92873474673482,3.81601822630346,0.999854000058656,"Dialister pneumosintes"
"dietvegan","1940789",-3.17865849826051,4.17054986741465,0.999906745940747,"Lactococcus petauri"
"dietvegan","47715",-2.78335748761651,3.85023705081212,0.999991418084887,"Lacticaseibacillus rhamnosus"
"dietvegan","29385",-3.68884789938444,4.72139307522799,0.999975893737719,"Staphylococcus saprophyticus"
"dietvegan","2944914",-3.73513187153745,4.66198413541941,0.999993914205941,"Allocoprobacillus halotolerans"
"dietvegan","33011",-2.6149176550454,3.7628184880827,0.999937408306847,"Cutibacterium granulosum"
"dietvegan","190146",-2.78878131313373,3.80026543538473,0.999790414496759,"Actinotignum urinale"
"dietvegan","2903802",-3.59768035364988,4.51998423015405,0.999938043155899,"Streptomyces sp. NBC_01261"
"dietvegan","2955550",-5.46704149665733,6.63136926983913,0.99995700692956,"Buchavirus faecalis"
"dietvegan","2955551",-5.11181448952082,6.29395218705507,0.999954742322127,"Buchavirus hiberniae"
"dietvegan","2955553",-3.47890202377234,4.51310989408473,0.999978125963921,"Buchavirus intestinalis"
"dietvegan","2955549",-3.41527234969163,4.41905246957654,0.999953065385485,"Buchavirus copri"
"dietvegan","2955552",-2.94869884388943,4.05225182579631,0.999894828693923,"Buchavirus hominis"
"dietvegan","2955555",-3.20320496756386,4.20870929398773,0.999880915382726,"Buchavirus splanchnicus"
"dietvegan","2955554",-3.18992460409514,4.16349986813498,1,"Buchavirus oralis"
"dietvegan","2956060",-3.83174813418364,4.80649780417238,0.999943573659017,"Kingevirus communis"
"dietvegan","2709390",3.15611425581465,5.5415532154423,1,"Bacteroides sp. ZJ-18"
"dietvegan","712710",1.88589700322681,4.16678493348609,1,"Tannerella serpentiformis"
"dietvegan","548",2.64079555460504,5.03331282612434,1,"Klebsiella aerogenes"
"dietvegan","59779",2.66328542490608,4.9667297301809,1,"Paracoccus marcusii"
"dietvegan","221027",2.69335694655986,5.05366806055351,1,"Treponema putidum"
"dietvegan","58231",2.65235614552344,5.03727584830808,1,"Treponema medium"
"dietvegan","824",1.85754763876048,4.2895994001849,1,"Campylobacter gracilis"
"dietvegan","114527",2.11181368341017,4.456003239247,1,"Mogibacterium diversum"
"dietvegan","33945",1.68886595030555,4.13063599460629,1,"Enterococcus avium"
"dietvegan","2610896",2.23553013195227,4.56342133208646,1,"Streptococcus sp. LPB0220"
"dietvegan","45634",2.01802158103184,4.38492959781751,1,"Streptococcus cristatus"
"dietvegan","1302",1.68693535947338,3.99014604264988,1,"Streptococcus gordonii"
"dietvegan","1583",2.37777215634991,4.68526809775906,1,"Weissella confusa"
"dietvegan","1396",2.8020725155803,5.16810720404791,1,"Bacillus cereus"
"dietvegan","1379",1.81199034504589,4.18131857641365,1,"Gemella haemolysans"
"dietvegan","29391",1.77351673907625,4.04659867724917,1,"Gemella morbillorum"
"dietvegan","1852379",3.65739836791927,5.98479443942215,1,"Colibacter massiliensis"
"dietvegan","2682455",2.16510038491774,4.5356404099789,1,"Veillonella orientalis"
"dietvegan","712538",2.00142973461969,4.33520835338151,1,"Selenomonas sp. oral taxon 478"
"dietvegan","2487118",2.21518845823152,4.41834041386099,1,"Intestinibaculum porci"
"dietvegan","78258",2.12432759651461,4.47216466855257,1,"Parascardovia denticolens"
"dietvegan","1547448",3.18400380152486,5.50916270975612,1,"Arachnia rubra"
"dietvegan","2014537",2.41636516845497,4.68210745334424,1,"Corynebacterium belfantii"
"dietvegan","38305",2.09564958594755,4.32771267419523,1,"Corynebacterium vitaeruminis"
"dietvegan","133926",2.42327488990339,4.78209920729738,1,"Olsenella uli"
"dietvegan","1382",1.84563795879165,4.19252728064493,1,"Lancefieldella parvula"
"dietvegan","3022127",1.4727169508446,3.87424575120995,1,"Lancefieldella sp. Marseille-Q7238"
"dietvegan","3068894",2.3354116485492,4.73950433744908,1,"Pyramidobacter sp. YE332"
"dietvegan","155615",3.07744386223658,5.39461324772256,1,"Fusobacterium vincentii"
"dietvegan","2955861",1.74970988296201,4.16361524848008,1,"Endlipuvirus intestinihominis"
"dietvegan","2955907",1.68069569371079,4.0432058961796,1,"Fohxhuevirus gastrointestinalis"
"dietvegan","3432268",4.7989983590597,7.27655964465771,1,"Satomivirus wayo"
